,TimeDifference,PredictionTime,OptimizationTime
0,37.5226,0.0017166916847229003,0.4563032180786133
