,TimeDifference,PredictionTime,OptimizationTime
0,438.3122,0.001634033203125,0.4347610197067261
