,TimeDifference,PredictionTime,OptimizationTime
0,26.3784,0.0016398607254028321,0.43232904596328736
