,TimeDifference,PredictionTime,OptimizationTime
0,2141.0276,0.001712245273590088,0.437921940612793
