,TimeDifference,PredictionTime,OptimizationTime
0,402.5456,0.0015966273307800292,0.4498389328956604
