,TimeDifference,PredictionTime,OptimizationTime
0,32.9614,0.0016974414348602295,0.44030790696144106
