,TimeDifference,PredictionTime,OptimizationTime
0,420.8928,0.0016225843906402587,0.43567433385848997
