,TimeDifference,PredictionTime,OptimizationTime
0,20.8038,0.0016291810035705566,0.4141512552261353
