,TimeDifference,PredictionTime,OptimizationTime
0,19.3824,0.0016302949905395508,0.41661231784820557
