,TimeDifference,PredictionTime,OptimizationTime
0,277.5306,0.0016771265506744385,0.4362588482379913
