,TimeDifference,PredictionTime,OptimizationTime
0,35.8918,0.0016589376449584962,0.43305161051750185
