,TimeDifference,PredictionTime,OptimizationTime
0,2099.5336,0.0017148877143859864,0.43533780245780945
