,TimeDifference,PredictionTime,OptimizationTime
0,273.979,0.0016151012897491455,0.42158095626831055
