,TimeDifference,PredictionTime,OptimizationTime
0,15.5062,0.0015706241607666015,0.3890794862747192
