,TimeDifference,PredictionTime,OptimizationTime
0,15.1786,0.0019133078575134278,0.41418510000614167
