,TimeDifference,PredictionTime,OptimizationTime
0,391.2542,0.0016775893211364746,0.4719780491828918
